condition,condition_label,category,vocab_id,code,exclude,min_prescriptions,window_days,note
anemia,Anemia,Hematological,ICD10,D50,FALSE,1,,"Prior D50-D53,D55-D59,D60-D61,D63-D64; B03 NEW skipped"
anemia,Anemia,Hematological,ICD10,D51,FALSE,1,,"Prior D50-D53,D55-D59,D60-D61,D63-D64; B03 NEW skipped"
anemia,Anemia,Hematological,ICD10,D52,FALSE,1,,"Prior D50-D53,D55-D59,D60-D61,D63-D64; B03 NEW skipped"
anemia,Anemia,Hematological,ICD10,D53,FALSE,1,,"Prior D50-D53,D55-D59,D60-D61,D63-D64; B03 NEW skipped"
anemia,Anemia,Hematological,ICD10,D55,FALSE,1,,"Prior D50-D53,D55-D59,D60-D61,D63-D64; B03 NEW skipped"
anemia,Anemia,Hematological,ICD10,D56,FALSE,1,,"Prior D50-D53,D55-D59,D60-D61,D63-D64; B03 NEW skipped"
anemia,Anemia,Hematological,ICD10,D57,FALSE,1,,"Prior D50-D53,D55-D59,D60-D61,D63-D64; B03 NEW skipped"
anemia,Anemia,Hematological,ICD10,D58,FALSE,1,,"Prior D50-D53,D55-D59,D60-D61,D63-D64; B03 NEW skipped"
anemia,Anemia,Hematological,ICD10,D59,FALSE,1,,"Prior D50-D53,D55-D59,D60-D61,D63-D64; B03 NEW skipped"
anemia,Anemia,Hematological,ICD10,D60,FALSE,1,,"Prior D50-D53,D55-D59,D60-D61,D63-D64; B03 NEW skipped"
anemia,Anemia,Hematological,ICD10,D61,FALSE,1,,"Prior D50-D53,D55-D59,D60-D61,D63-D64; B03 NEW skipped"
anemia,Anemia,Hematological,ICD10,D63,FALSE,1,,"Prior D50-D53,D55-D59,D60-D61,D63-D64; B03 NEW skipped"
anemia,Anemia,Hematological,ICD10,D64,FALSE,1,,"Prior D50-D53,D55-D59,D60-D61,D63-D64; B03 NEW skipped"
