"condition","condition_label","category","vocab_id","code","exclude","min_prescriptions","window_days","note"
"hypertension","Hypertension","Circulatory","ATC","C02A","FALSE","2","365","Antiadrenergic agents, centrally acting; expanded from C02, dgt_medication.R line 62"
"hypertension","Hypertension","Circulatory","ATC","C02B","FALSE","2","365","Antiadrenergic agents, ganglion-blocking; expanded from C02, dgt_medication.R line 62"
"hypertension","Hypertension","Circulatory","ATC","C02C","FALSE","2","365","Antiadrenergic agents, peripherally acting; expanded from C02, dgt_medication.R line 62"
"hypertension","Hypertension","Circulatory","ATC","C02D","FALSE","2","365","Arteriolar smooth muscle, agents acting on; expanded from C02, dgt_medication.R line 62"
"hypertension","Hypertension","Circulatory","ATC","C02K","FALSE","2","365","Other antihypertensives; expanded from C02, dgt_medication.R line 62"
"hypertension","Hypertension","Circulatory","ATC","C02L","FALSE","2","365","Antihypertensives and diuretics in combination; expanded from C02, dgt_medication.R line 62"
"hypertension","Hypertension","Circulatory","ATC","C02N","FALSE","2","365","Combinations of antihypertensives in ATC gr. C02; expanded from C02, dgt_medication.R line 62"
"hypertension","Hypertension","Circulatory","ATC","C03A","FALSE","2","365","Low-ceiling diuretics, thiazides; expanded from C03, dgt_medication.R line 62"
"hypertension","Hypertension","Circulatory","ATC","C03B","FALSE","2","365","Low-ceiling diuretics, excl. thiazides; expanded from C03, dgt_medication.R line 62"
"hypertension","Hypertension","Circulatory","ATC","C03C","FALSE","2","365","High-ceiling diuretics; expanded from C03, dgt_medication.R line 62"
"hypertension","Hypertension","Circulatory","ATC","C03D","FALSE","2","365","Aldosterone antagonists and other potassium-sparing agents; expanded from C03, dgt_medication.R line 62"
"hypertension","Hypertension","Circulatory","ATC","C03E","FALSE","2","365","Diuretics and potassium-sparing agents in combination; expanded from C03, dgt_medication.R line 62"
"hypertension","Hypertension","Circulatory","ATC","C03X","FALSE","2","365","Other diuretics; expanded from C03, dgt_medication.R line 62"
"hypertension","Hypertension","Circulatory","ATC","C04A","FALSE","2","365","Peripheral vasodilators; expanded from C04, dgt_medication.R line 62"
"hypertension","Hypertension","Circulatory","ATC","C07A","FALSE","2","365","Beta blocking agents; expanded from C07, dgt_medication.R line 62"
"hypertension","Hypertension","Circulatory","ATC","C07B","FALSE","2","365","Beta blocking agents and thiazides; expanded from C07, dgt_medication.R line 62"
"hypertension","Hypertension","Circulatory","ATC","C07C","FALSE","2","365","Beta blocking agents and other diuretics; expanded from C07, dgt_medication.R line 62"
"hypertension","Hypertension","Circulatory","ATC","C07D","FALSE","2","365","Beta blocking agents, thiazides and other diuretics; expanded from C07, dgt_medication.R line 62"
"hypertension","Hypertension","Circulatory","ATC","C07E","FALSE","2","365","Beta blocking agents and vasodilators; expanded from C07, dgt_medication.R line 62"
"hypertension","Hypertension","Circulatory","ATC","C07F","FALSE","2","365","Beta blocking agents, other combinations; expanded from C07, dgt_medication.R line 62"
"hypertension","Hypertension","Circulatory","ATC","C08C","FALSE","2","365","Selective calcium channel blockers, mainly vascular effects; expanded from C08, dgt_medication.R line 62"
"hypertension","Hypertension","Circulatory","ATC","C08D","FALSE","2","365","Selective calcium channel blockers, direct cardiac effects; expanded from C08, dgt_medication.R line 62"
"hypertension","Hypertension","Circulatory","ATC","C08E","FALSE","2","365","Non-selective calcium channel blockers; expanded from C08, dgt_medication.R line 62"
"hypertension","Hypertension","Circulatory","ATC","C08G","FALSE","2","365","Calcium channel blockers and diuretics; expanded from C08, dgt_medication.R line 62"
"hypertension","Hypertension","Circulatory","ATC","C09A","FALSE","2","365","ACE inhibitors, plain; expanded from C09, dgt_medication.R line 62"
"hypertension","Hypertension","Circulatory","ATC","C09B","FALSE","2","365","ACE inhibitors, combinations; expanded from C09, dgt_medication.R line 62"
"hypertension","Hypertension","Circulatory","ATC","C09C","FALSE","2","365","Angiotensin II receptor blockers (ARBs), plain; expanded from C09, dgt_medication.R line 62"
"hypertension","Hypertension","Circulatory","ATC","C09D","FALSE","2","365","Angiotensin II receptor blockers (ARBs), combinations; expanded from C09, dgt_medication.R line 62"
"hypertension","Hypertension","Circulatory","ATC","C09X","FALSE","2","365","Other agents acting on the renin-angiotensin system; expanded from C09, dgt_medication.R line 62"
